,제목,작가,조회수,좋아요
0,나도 있어! 근육,yami,179.7만,11만
1,놀아죠 패밀리,남지은,1184.3만,4709
2,남아돌아,"JJO, 캐러멜",5119.7만,2.8만
3,염라공주 모모레,주니쿵,1.5억,18.5만
4,해골택시,와자,881.8만,9401
5,팬더댄스,조경규,1825.8만,8.6만
6,셔틀맨,"네온비, 캐러멜",4269.3만,3만
7,코알랄라,yami,1.2억,15만
8,오무라이스 잼잼,조경규,3.2억,134.4만
9,학원기이야담,계란계란,4614.6만,3.9만
10,어쿠스틱 라이프,난다,2.6억,157만
11,차이니즈 봉봉클럽 북경편,조경규,1282.6만,1.6만
12,다이어터,"네온비, 캐러멜",4.4억,26.2만
13,잡초이야기,정이리이리,709.4만,2.7만
14,지혜가 쫀득쫀득,어택,2147.2만,7587
15,기춘씨에게도 봄은 오는가,네온비,2825.3만,4.4만
16,그루밍 선데이,Hun,5234.2만,14.5만
17,딩스뚱스,딩스,1.4억,106.8만
18,탐묘인간,soon,5335.9만,34.3만
19,결혼해도 똑같네,네온비,1.4억,40.8만
